Keyword,Avg. Monthly Searches,Top of Page Bid (Low),Top of Page Bid (High),Competition
Keyword 1,65670,0.77,2.06,High
Keyword 2,80751,1.08,2.59,Low
Keyword 3,43656,1.81,4.79,High
Keyword 4,10614,0.61,0.88,Low
Keyword 5,41077,0.69,1.2,Low
Keyword 6,17111,1.82,4.03,Low
Keyword 7,68659,1.76,2.04,Low
Keyword 8,43150,1.66,2.98,Medium
Keyword 9,17089,0.95,2.79,Low
Keyword 10,81022,0.16,2.29,Low
Keyword 11,25667,1.37,1.5,High
Keyword 12,18097,0.91,1.93,High
Keyword 13,84707,0.85,2.55,High
Keyword 14,60022,0.55,3.39,Low
Keyword 15,96309,1.92,2.46,Low
Keyword 16,68649,1.68,2.53,High
Keyword 17,51480,1.92,3.95,Medium
Keyword 18,79884,0.33,1.43,Low
Keyword 19,67947,1.0,1.78,High
Keyword 20,80395,0.73,3.26,Low
Keyword 21,96713,0.89,3.29,High
Keyword 22,28676,1.83,2.89,High
Keyword 23,54451,1.18,3.77,High
Keyword 24,68489,1.54,2.21,Medium
Keyword 25,15344,0.96,2.9,High
Keyword 26,35516,0.77,1.69,Medium
Keyword 27,10584,0.71,2.61,Medium
Keyword 28,85530,0.65,2.07,Low
Keyword 29,28839,1.25,1.88,Medium
Keyword 30,27784,1.35,2.43,Low
Keyword 31,81661,1.14,1.66,Medium
Keyword 32,26403,0.21,2.64,High
Keyword 33,10757,0.91,1.4,High
Keyword 34,68493,1.93,2.63,Low
Keyword 35,5909,1.5,2.27,Medium
Keyword 36,38752,1.8,4.7,High
Keyword 37,38706,0.81,3.7,Medium
Keyword 38,19092,1.78,3.76,Low
Keyword 39,48835,0.59,1.02,Low
Keyword 40,55719,0.82,1.13,High
Keyword 41,72770,1.55,2.5,Low
Keyword 42,23329,0.45,2.39,Low
Keyword 43,46801,1.99,2.9,Medium
Keyword 44,99816,0.16,1.83,Medium
Keyword 45,90092,0.89,1.41,Low
Keyword 46,91479,0.24,1.98,Low
Keyword 47,23297,0.43,2.67,Medium
Keyword 48,6136,1.3,3.34,Low
Keyword 49,38487,0.7,1.89,Medium
Keyword 50,65666,1.4,2.5,Medium
Keyword 51,16977,1.66,3.85,Medium
Keyword 52,65248,0.77,3.7,Medium
Keyword 53,21588,0.55,0.82,Medium
Keyword 54,1828,1.29,3.99,Medium
Keyword 55,19719,1.7,2.43,Medium
Keyword 56,70828,1.65,2.64,High
Keyword 57,36423,1.28,2.92,High
Keyword 58,59227,0.77,3.31,Medium
Keyword 59,62141,1.91,3.73,High
Keyword 60,49423,0.8,3.06,Low
Keyword 61,17853,0.96,1.35,Medium
Keyword 62,94866,1.89,3.56,High
Keyword 63,39304,0.39,0.56,Low
Keyword 64,82402,1.62,2.38,Medium
Keyword 65,60001,0.16,0.38,Low
Keyword 66,92826,0.54,1.14,Medium
Keyword 67,28986,1.92,3.36,High
Keyword 68,71832,0.58,3.21,Low
Keyword 69,80887,1.09,2.03,Low
Keyword 70,61740,0.93,3.88,Low
Keyword 71,85364,0.34,1.39,Low
Keyword 72,36125,0.43,3.01,Low
Keyword 73,56420,1.57,4.3,Medium
Keyword 74,80170,0.59,3.01,Medium
Keyword 75,24429,0.34,0.85,Low
Keyword 76,73779,0.52,0.91,High
Keyword 77,94314,1.33,3.9,Medium
Keyword 78,36793,1.61,2.98,High
Keyword 79,27761,1.58,4.44,Low
Keyword 80,39162,0.55,2.4,High
Keyword 81,72028,0.19,1.01,Medium
Keyword 82,41788,0.48,2.37,Low
Keyword 83,89597,1.92,4.22,Medium
Keyword 84,6891,0.48,1.34,High
Keyword 85,71670,1.07,2.98,Low
Keyword 86,65031,0.57,1.84,High
Keyword 87,76045,1.79,2.86,Low
Keyword 88,75996,1.28,3.24,Low
Keyword 89,19498,1.93,2.63,High
Keyword 90,85612,1.14,2.47,Low
Keyword 91,79234,1.87,3.96,Low
Keyword 92,63593,0.64,1.96,High
Keyword 93,3422,0.99,3.31,Medium
Keyword 94,78612,1.12,1.7,Low
Keyword 95,8489,1.84,3.07,High
Keyword 96,57752,0.42,3.06,Low
Keyword 97,58843,0.85,3.57,Low
Keyword 98,90103,0.34,2.23,High
Keyword 99,46407,0.29,2.79,Low
Keyword 100,71044,0.32,2.2,Medium
Keyword 101,85810,0.67,2.84,High
Keyword 102,16205,0.22,2.6,Low
Keyword 103,1451,1.61,4.58,High
Keyword 104,57949,0.53,1.51,Low
Keyword 105,91759,0.24,2.76,High
Keyword 106,51175,0.68,2.88,Low
Keyword 107,4883,0.78,3.57,Low
Keyword 108,92596,0.52,0.93,Low
Keyword 109,81044,1.59,4.12,Low
Keyword 110,86908,1.91,4.09,High
Keyword 111,26212,1.24,1.95,Medium
Keyword 112,25400,0.78,3.44,Low
Keyword 113,51507,1.71,2.74,High
Keyword 114,54061,1.58,4.23,High
Keyword 115,30747,1.09,3.4,Medium
Keyword 116,74643,1.8,2.56,Low
Keyword 117,80385,1.15,3.14,Medium
Keyword 118,15093,2.0,4.31,Low
Keyword 119,81305,0.78,1.77,High
Keyword 120,48789,1.42,2.04,High
Keyword 121,7580,0.53,0.87,Low
Keyword 122,25419,0.55,2.11,Low
Keyword 123,7769,0.42,2.11,High
Keyword 124,58034,0.64,2.06,Low
Keyword 125,24435,1.23,3.98,High
Keyword 126,9871,1.27,2.93,High
Keyword 127,44570,0.35,1.66,Low
Keyword 128,97484,0.29,1.28,Medium
Keyword 129,10284,1.08,1.54,Low
Keyword 130,49800,1.44,2.51,High
Keyword 131,69823,1.84,4.18,Low
Keyword 132,72307,1.93,2.71,Low
Keyword 133,23476,1.14,2.69,High
Keyword 134,32757,0.27,2.77,Low
Keyword 135,78500,1.48,4.19,Medium
Keyword 136,6752,1.92,2.97,Low
Keyword 137,13382,1.04,1.54,Low
Keyword 138,14728,0.79,1.68,Medium
Keyword 139,82194,1.11,3.69,Low
Keyword 140,88648,1.36,4.07,Low
Keyword 141,80168,1.18,1.64,High
Keyword 142,86404,1.04,2.18,High
Keyword 143,82425,1.82,2.38,Low
Keyword 144,67266,0.31,2.27,Medium
Keyword 145,50497,1.53,3.45,Medium
Keyword 146,32144,0.47,2.21,High
Keyword 147,19035,0.26,2.97,Low
Keyword 148,4022,1.1,2.94,Medium
Keyword 149,17419,1.43,2.56,Low
Keyword 150,60968,1.58,2.68,Medium
Keyword 151,23933,0.34,2.36,Low
Keyword 152,39066,0.63,2.53,Low
Keyword 153,34448,1.04,2.59,High
Keyword 154,54751,0.93,1.42,Low
Keyword 155,47979,1.0,2.58,Low
Keyword 156,92489,0.12,1.84,High
Keyword 157,91287,0.7,1.74,High
Keyword 158,79083,1.04,2.41,Low
Keyword 159,27778,0.71,1.76,Low
Keyword 160,32616,1.75,2.06,High
Keyword 161,18379,1.46,3.58,High
Keyword 162,93512,0.33,2.8,High
Keyword 163,7364,0.53,3.15,Low
Keyword 164,2858,1.81,3.41,Medium
Keyword 165,73523,1.19,1.97,Low
Keyword 166,23659,0.56,1.6,High
Keyword 167,92775,0.4,1.97,Low
Keyword 168,34360,1.97,3.93,Medium
Keyword 169,30747,1.13,1.98,High
Keyword 170,36825,1.53,2.93,Medium
Keyword 171,41104,1.27,3.39,High
Keyword 172,40831,0.82,0.98,Low
Keyword 173,96218,0.34,2.55,High
Keyword 174,11242,1.6,4.44,Medium
Keyword 175,64176,1.91,2.48,Medium
Keyword 176,28540,0.65,2.69,High
Keyword 177,6101,1.2,3.89,Low
Keyword 178,61638,0.76,0.92,Medium
Keyword 179,90000,1.18,1.83,Low
Keyword 180,88825,0.76,1.73,Low
Keyword 181,4061,1.46,3.53,High
Keyword 182,18886,0.71,1.43,High
Keyword 183,79425,0.64,2.12,High
Keyword 184,73169,0.97,1.22,High
Keyword 185,19538,1.0,3.55,Medium
Keyword 186,83093,1.73,2.03,Medium
Keyword 187,87197,1.96,2.99,High
Keyword 188,48138,0.7,1.71,High
Keyword 189,68711,0.81,3.51,High
Keyword 190,96285,0.83,1.39,High
Keyword 191,37286,0.94,1.58,High
Keyword 192,69064,0.9,1.59,Medium
Keyword 193,42297,0.43,2.42,High
Keyword 194,21129,1.07,3.16,Low
Keyword 195,44498,0.4,3.08,Medium
Keyword 196,80100,0.76,1.83,Low
Keyword 197,89876,0.97,3.91,Low
Keyword 198,78305,1.07,2.67,Medium
Keyword 199,26405,1.97,3.19,Low
Keyword 200,77095,0.62,2.07,Low
Keyword 201,69458,0.85,2.91,Low
Keyword 202,41584,0.31,2.98,High
Keyword 203,67543,1.97,2.23,Medium
Keyword 204,54766,0.5,2.04,Medium
Keyword 205,42781,0.45,0.65,Medium
Keyword 206,64095,0.39,1.48,High
Keyword 207,71830,1.16,1.82,Medium
Keyword 208,55184,0.33,1.27,Medium
Keyword 209,56515,1.12,4.09,Medium
Keyword 210,34332,1.54,4.32,High
Keyword 211,88765,1.06,1.71,Low
Keyword 212,81667,1.72,3.64,Medium
Keyword 213,53847,0.94,1.89,High
Keyword 214,6350,0.46,0.82,High
Keyword 215,31117,0.27,2.21,Medium
Keyword 216,34582,1.36,2.28,High
Keyword 217,65174,1.58,2.03,Medium
Keyword 218,52299,1.23,3.12,Low
Keyword 219,53025,0.78,3.36,High
Keyword 220,1897,1.59,3.57,Low
Keyword 221,38510,1.94,2.16,High
Keyword 222,96763,1.07,1.71,Medium
Keyword 223,55114,0.56,1.94,High
Keyword 224,89721,0.59,1.29,Medium
Keyword 225,99319,0.91,3.21,Medium
Keyword 226,32992,1.02,3.64,Low
Keyword 227,73322,1.19,1.82,High
Keyword 228,93301,0.32,1.19,Medium
Keyword 229,44540,1.39,1.88,Medium
Keyword 230,71331,1.57,1.74,Low
Keyword 231,42343,0.98,2.49,Medium
Keyword 232,11978,0.38,2.59,Medium
Keyword 233,13526,1.64,3.25,Low
Keyword 234,16799,0.42,1.81,Low
Keyword 235,46896,1.36,4.1,Medium
Keyword 236,93818,1.95,3.95,High
Keyword 237,16145,1.81,4.16,Medium
Keyword 238,2382,0.2,1.55,High
Keyword 239,15662,1.95,3.12,Low
Keyword 240,27400,1.63,2.84,Low
Keyword 241,22650,1.45,1.89,High
Keyword 242,63865,0.2,0.56,High
Keyword 243,65672,1.42,3.32,High
Keyword 244,59182,1.99,2.56,Low
Keyword 245,60438,0.81,2.46,Low
Keyword 246,28517,0.35,1.83,High
Keyword 247,67852,1.02,3.16,Medium
Keyword 248,38715,0.24,1.99,Low
Keyword 249,77340,0.46,1.88,Medium
Keyword 250,14688,0.74,3.52,Low
Keyword 251,42841,1.29,1.67,Low
Keyword 252,10737,1.57,3.22,High
Keyword 253,80018,1.64,3.55,Medium
Keyword 254,81804,0.97,1.1,Medium
Keyword 255,99573,1.43,3.64,High
Keyword 256,30895,1.95,3.14,Medium
Keyword 257,17593,0.29,2.27,Medium
Keyword 258,53627,0.52,1.69,Medium
Keyword 259,42288,1.46,4.45,Low
Keyword 260,20595,1.19,2.11,Medium
Keyword 261,42041,0.68,3.11,Medium
Keyword 262,4197,1.83,3.56,Low
Keyword 263,89818,1.93,2.58,Medium
Keyword 264,60241,1.53,2.4,High
Keyword 265,35822,1.05,2.94,Low
Keyword 266,17187,0.85,3.31,Low
Keyword 267,40181,1.72,2.5,Medium
Keyword 268,14552,1.9,3.46,Medium
Keyword 269,12172,0.38,1.75,Low
Keyword 270,72668,0.66,2.97,Low
Keyword 271,69197,1.6,1.71,Low
Keyword 272,93070,1.15,1.92,Low
Keyword 273,19308,1.31,2.01,Low
Keyword 274,90160,0.61,3.59,Low
Keyword 275,1862,0.56,1.69,Medium
Keyword 276,23691,1.92,4.16,Medium
Keyword 277,45325,1.7,2.31,Low
Keyword 278,43175,1.27,2.02,High
Keyword 279,51360,1.33,2.96,Low
Keyword 280,26389,0.11,1.81,Medium
Keyword 281,53005,0.77,1.69,High
Keyword 282,6091,0.75,1.37,Low
Keyword 283,28729,0.95,1.49,High
Keyword 284,54023,0.71,3.09,Low
Keyword 285,5254,0.99,1.91,Low
Keyword 286,62777,1.11,3.55,Medium
Keyword 287,55358,0.19,2.52,High
Keyword 288,9537,1.36,1.95,High
Keyword 289,51771,0.6,2.56,Low
Keyword 290,12593,0.79,0.98,Low
Keyword 291,80406,1.32,3.91,Low
Keyword 292,68293,0.63,1.49,Medium
Keyword 293,23616,0.95,3.11,High
Keyword 294,66320,1.21,4.18,Low
Keyword 295,35603,0.15,3.06,Low
Keyword 296,3285,0.78,1.41,High
Keyword 297,24312,0.66,2.24,High
Keyword 298,19744,0.56,1.81,Low
Keyword 299,32625,0.53,2.21,Low
Keyword 300,67340,0.2,1.46,Medium
Keyword 301,33469,1.87,3.94,Medium
Keyword 302,99749,0.12,3.09,High
Keyword 303,66320,0.43,0.77,Medium
Keyword 304,67443,0.63,2.77,Medium
Keyword 305,34015,0.14,1.95,High
Keyword 306,65738,0.94,1.17,High
Keyword 307,84514,0.84,2.99,Medium
Keyword 308,49375,1.83,3.13,Medium
Keyword 309,54845,1.88,4.66,Medium
Keyword 310,849,0.73,1.39,High
Keyword 311,54620,0.58,1.79,High
Keyword 312,88445,1.0,3.92,Low
Keyword 313,48151,0.94,3.35,High
Keyword 314,51434,1.02,1.54,Low
Keyword 315,39134,1.65,2.02,Medium
Keyword 316,66709,1.87,2.33,High
Keyword 317,42780,0.58,2.83,High
Keyword 318,39066,1.76,4.61,Medium
Keyword 319,23794,1.84,3.95,High
Keyword 320,68510,1.32,2.06,Medium
Keyword 321,76900,1.6,4.59,Low
Keyword 322,37823,1.24,3.53,Low
Keyword 323,89022,0.57,1.96,High
Keyword 324,24469,1.35,4.27,High
Keyword 325,94669,0.17,0.73,Low
Keyword 326,79249,1.18,2.04,Low
Keyword 327,40703,1.12,3.81,Medium
Keyword 328,59065,1.07,2.02,Medium
Keyword 329,43820,0.7,1.97,Low
Keyword 330,6154,0.28,1.1,Medium
Keyword 331,95749,1.99,3.75,High
Keyword 332,69446,0.93,2.54,Medium
Keyword 333,19821,1.56,2.72,Medium
Keyword 334,91239,0.66,3.12,Medium
Keyword 335,57230,1.5,3.87,Medium
Keyword 336,21206,0.19,1.15,High
Keyword 337,14567,1.98,3.31,High
Keyword 338,36324,0.2,3.04,High
Keyword 339,60510,1.56,4.0,Medium
Keyword 340,13907,0.65,1.99,High
Keyword 341,21313,0.26,1.63,High
Keyword 342,23192,1.53,4.35,Medium
Keyword 343,76752,0.64,3.61,High
Keyword 344,75276,1.65,3.68,High
Keyword 345,26308,1.83,4.32,High
Keyword 346,12703,1.67,3.87,Low
Keyword 347,42021,1.29,1.52,Medium
Keyword 348,43988,1.18,1.93,Low
Keyword 349,2559,1.58,4.25,Low
Keyword 350,44214,0.79,2.31,Low
Keyword 351,41497,0.11,0.97,Low
Keyword 352,87393,0.35,0.96,Medium
Keyword 353,48225,1.06,2.85,Low
Keyword 354,57226,1.79,3.77,Low
Keyword 355,69272,0.64,1.56,Medium
Keyword 356,73492,1.3,2.35,High
Keyword 357,37459,0.79,3.73,High
Keyword 358,79586,0.15,2.86,Low
Keyword 359,83689,1.39,3.54,High
Keyword 360,38836,1.97,2.13,Low
Keyword 361,26784,0.71,0.98,Medium
Keyword 362,55512,0.97,1.67,High
Keyword 363,99203,1.65,2.0,Low
Keyword 364,92308,0.39,2.22,Medium
Keyword 365,26973,0.46,1.34,High
Keyword 366,22883,0.32,2.17,Low
Keyword 367,74311,1.52,4.48,Medium
Keyword 368,18086,1.27,2.45,High
Keyword 369,64260,1.87,4.25,Medium
Keyword 370,9816,0.29,1.48,Low
Keyword 371,83187,0.73,3.55,Low
Keyword 372,75460,0.69,3.02,High
Keyword 373,32151,0.67,1.21,High
Keyword 374,7985,0.56,3.09,Medium
Keyword 375,45509,1.17,4.11,Low
Keyword 376,91195,0.6,3.28,Medium
Keyword 377,83628,0.86,3.45,High
Keyword 378,35927,0.47,2.58,High
Keyword 379,23391,1.8,3.27,Low
Keyword 380,80226,0.4,2.42,Medium
Keyword 381,33137,0.35,3.27,Medium
Keyword 382,12796,0.57,2.58,High
Keyword 383,62311,1.93,2.06,Low
Keyword 384,80878,0.85,2.44,Low
Keyword 385,58052,1.29,3.73,Medium
Keyword 386,62372,1.64,2.66,High
Keyword 387,96222,1.01,2.11,High
Keyword 388,66394,1.32,4.31,High
Keyword 389,87857,1.18,3.41,Low
Keyword 390,66659,1.32,3.58,Low
Keyword 391,76590,0.72,2.08,Low
Keyword 392,86035,1.39,3.16,Low
Keyword 393,47197,1.91,4.77,Low
Keyword 394,4701,1.64,3.73,High
Keyword 395,35958,1.11,3.57,Medium
Keyword 396,19986,1.71,2.77,Medium
Keyword 397,15709,1.4,1.96,High
Keyword 398,45673,0.43,2.52,Low
Keyword 399,90480,1.62,4.23,High
Keyword 400,37757,0.87,1.97,High
Keyword 401,98631,0.11,0.25,High
Keyword 402,64916,1.15,3.42,Medium
Keyword 403,60079,0.72,2.75,High
Keyword 404,10845,1.15,3.58,Low
Keyword 405,30152,1.03,2.34,High
Keyword 406,58190,1.44,2.23,High
Keyword 407,33272,0.37,2.77,High
Keyword 408,64350,1.58,4.41,Low
Keyword 409,52755,1.46,2.55,High
Keyword 410,75148,1.15,2.04,Medium
Keyword 411,11557,0.58,0.95,Medium
Keyword 412,22560,0.61,0.95,High
Keyword 413,8704,1.5,2.47,High
Keyword 414,71530,0.86,2.2,Low
Keyword 415,38086,0.32,2.54,Medium
Keyword 416,42382,1.38,1.77,Low
Keyword 417,81386,1.1,3.5,High
Keyword 418,64330,1.7,3.76,Medium
Keyword 419,26497,1.18,3.27,Medium
Keyword 420,15908,0.59,3.04,Low
Keyword 421,38290,0.25,1.78,Medium
Keyword 422,23381,1.03,1.22,Medium
Keyword 423,23575,1.72,2.55,Low
Keyword 424,99230,0.3,2.58,High
Keyword 425,13918,1.24,1.86,High
Keyword 426,66041,0.42,1.03,Medium
Keyword 427,67431,1.35,1.66,Medium
Keyword 428,35998,1.1,2.89,Medium
Keyword 429,55643,0.53,0.65,Medium
Keyword 430,9764,0.98,1.65,High
Keyword 431,89677,0.78,2.02,High
Keyword 432,44335,0.16,1.24,Medium
Keyword 433,26475,1.7,2.17,High
Keyword 434,41224,0.96,3.18,High
Keyword 435,7262,0.72,0.93,Low
Keyword 436,92487,1.76,1.97,Low
Keyword 437,40646,1.24,2.21,High
Keyword 438,31759,1.07,1.53,Low
Keyword 439,31125,0.2,1.35,High
Keyword 440,50743,0.39,2.02,Low
Keyword 441,6971,1.3,3.55,Low
Keyword 442,97811,1.03,3.15,Medium
Keyword 443,20365,0.32,1.53,Medium
Keyword 444,38310,0.45,1.65,Medium
Keyword 445,61840,1.55,2.38,Medium
Keyword 446,89543,0.71,3.03,Medium
Keyword 447,90006,0.59,2.25,High
Keyword 448,67663,0.81,1.24,High
Keyword 449,41358,1.1,1.96,Low
Keyword 450,68252,0.8,3.66,Low
Keyword 451,53487,0.96,2.91,Low
Keyword 452,82474,1.89,3.34,High
Keyword 453,4398,0.87,2.77,Low
Keyword 454,44173,1.21,1.96,High
Keyword 455,44568,1.74,1.89,Medium
Keyword 456,61487,1.01,1.53,Medium
Keyword 457,79498,0.81,2.23,Medium
Keyword 458,12472,1.75,4.69,Low
Keyword 459,14882,0.46,1.25,Medium
Keyword 460,22046,1.8,2.41,Low
Keyword 461,3603,1.88,3.92,Medium
Keyword 462,48961,1.83,2.44,Medium
Keyword 463,57202,1.48,2.46,Medium
Keyword 464,30602,0.98,3.01,Low
Keyword 465,11982,0.93,3.07,Low
Keyword 466,4375,0.82,3.24,Low
Keyword 467,53527,1.78,2.04,High
Keyword 468,27731,0.28,2.51,Medium
Keyword 469,89736,0.93,2.67,High
Keyword 470,99206,0.46,1.21,Medium
Keyword 471,92774,1.96,2.96,High
Keyword 472,99180,1.74,2.7,Low
Keyword 473,29964,0.82,3.03,Low
Keyword 474,68880,0.96,3.81,Low
Keyword 475,30424,0.28,3.18,High
Keyword 476,61279,1.48,2.16,Medium
Keyword 477,58083,1.34,4.27,Medium
Keyword 478,23684,1.86,3.05,High
Keyword 479,39115,0.45,2.15,Medium
Keyword 480,89855,1.92,4.2,Medium
Keyword 481,70506,0.86,2.56,Medium
Keyword 482,60907,1.36,1.79,Low
Keyword 483,51206,0.79,2.81,Medium
Keyword 484,90487,1.03,3.11,High
Keyword 485,6918,1.41,3.43,Medium
Keyword 486,59127,1.34,2.61,Low
Keyword 487,63202,0.85,3.6,Low
Keyword 488,95483,1.67,3.49,High
Keyword 489,89652,0.88,1.22,High
Keyword 490,32450,0.63,2.68,High
Keyword 491,9234,0.75,2.97,High
Keyword 492,2394,1.92,3.08,High
Keyword 493,5718,1.34,3.3,Low
Keyword 494,3507,0.21,1.09,Medium
Keyword 495,91870,1.55,3.75,Medium
Keyword 496,58550,1.45,3.13,Low
Keyword 497,71998,1.7,3.88,Medium
Keyword 498,3163,1.19,2.9,Low
Keyword 499,35192,1.56,2.54,Low
Keyword 500,73416,1.03,1.17,Low
Keyword 501,21324,1.79,3.34,Low
Keyword 502,52469,0.41,0.51,Medium
Keyword 503,1846,1.64,2.23,Low
Keyword 504,8949,1.93,3.66,Medium
Keyword 505,8699,1.69,3.96,Low
Keyword 506,49829,0.61,0.81,Medium
Keyword 507,84116,0.66,3.16,Medium
Keyword 508,80095,0.59,3.2,Low
Keyword 509,70383,1.19,3.35,Medium
Keyword 510,57441,1.95,2.75,Low
Keyword 511,62845,1.52,2.59,Medium
Keyword 512,3174,1.14,2.01,Low
Keyword 513,95811,0.46,1.35,Low
Keyword 514,50475,1.77,4.63,Low
Keyword 515,28491,1.93,3.72,Low
Keyword 516,84067,1.55,2.43,High
Keyword 517,25712,0.33,2.53,High
Keyword 518,84126,0.17,1.21,Medium
Keyword 519,92263,1.74,4.19,Low
Keyword 520,75126,1.42,4.32,High
Keyword 521,57285,1.04,3.67,Medium
Keyword 522,77086,0.91,2.55,Low
Keyword 523,57688,1.2,1.46,Low
Keyword 524,40943,1.26,2.44,Low
Keyword 525,81601,0.75,3.16,High
Keyword 526,94719,0.8,1.54,Medium
Keyword 527,22755,0.47,2.76,Low
Keyword 528,4784,0.17,1.39,Medium
Keyword 529,70259,0.66,2.12,Medium
Keyword 530,62563,0.23,2.17,Low
Keyword 531,53881,0.86,1.9,High
Keyword 532,41840,0.94,3.44,Medium
Keyword 533,29681,0.12,0.27,Low
Keyword 534,10796,0.23,2.11,Low
Keyword 535,56250,1.05,1.78,Low
Keyword 536,25110,1.72,4.25,Low
Keyword 537,35528,1.85,3.96,Medium
Keyword 538,11519,0.53,1.66,Medium
Keyword 539,51795,1.14,1.38,Medium
Keyword 540,17661,0.77,1.51,High
Keyword 541,4867,1.67,1.78,Medium
Keyword 542,82432,1.24,3.94,Medium
Keyword 543,37643,1.3,2.33,Medium
Keyword 544,87459,0.58,2.33,Medium
Keyword 545,2616,0.18,1.48,Low
Keyword 546,6560,1.4,3.18,High
Keyword 547,23162,1.12,2.99,High
Keyword 548,13747,1.92,4.68,Low
Keyword 549,80009,0.2,0.56,High
Keyword 550,24207,1.02,1.21,Medium
Keyword 551,12364,0.97,1.3,Medium
Keyword 552,43756,1.58,3.49,Medium
Keyword 553,36825,1.01,1.29,High
Keyword 554,49013,1.93,2.29,High
Keyword 555,83442,0.99,2.23,Medium
Keyword 556,62836,1.32,3.48,High
Keyword 557,2685,1.79,4.09,Low
Keyword 558,89276,0.64,2.59,Medium
Keyword 559,55865,1.75,3.74,Medium
Keyword 560,69318,1.81,3.92,Medium
Keyword 561,47194,1.65,3.58,High
Keyword 562,16328,0.78,2.72,High
Keyword 563,35213,0.31,0.87,Medium
Keyword 564,23197,0.76,3.58,High
Keyword 565,31940,1.98,4.76,Medium
Keyword 566,99361,1.83,4.54,High
Keyword 567,25890,0.97,1.39,Low
Keyword 568,81922,0.49,2.41,Medium
Keyword 569,40654,0.37,1.68,Low
Keyword 570,18186,0.77,1.42,Medium
Keyword 571,68936,1.29,3.65,Low
Keyword 572,37453,0.38,3.22,Low
Keyword 573,69213,0.14,2.41,Medium
Keyword 574,81594,0.67,2.11,High
Keyword 575,40236,1.8,4.03,Medium
Keyword 576,72682,0.81,2.41,Low
Keyword 577,10688,0.99,3.55,High
Keyword 578,82243,0.26,3.12,High
Keyword 579,69135,0.72,1.73,Medium
Keyword 580,89344,0.25,2.03,High
Keyword 581,6014,1.59,3.46,Low
Keyword 582,35006,0.39,1.99,Low
Keyword 583,21882,1.25,3.6,Medium
Keyword 584,11645,1.74,3.87,High
Keyword 585,16077,1.75,3.29,High
Keyword 586,82964,0.47,2.57,Medium
Keyword 587,65050,1.35,2.71,Medium
Keyword 588,95706,0.81,0.99,High
Keyword 589,46917,1.8,3.43,High
Keyword 590,96984,1.58,4.46,High
Keyword 591,31574,0.55,1.6,High
Keyword 592,14637,0.37,2.91,High
Keyword 593,79189,0.35,0.59,High
Keyword 594,5352,0.34,2.3,Low
Keyword 595,93092,1.25,3.58,Low
Keyword 596,14376,0.15,1.67,High
Keyword 597,14434,1.39,3.63,Low
Keyword 598,9464,1.08,3.27,High
Keyword 599,71890,1.13,1.64,Low
Keyword 600,53596,0.97,2.0,Medium
Keyword 601,17549,1.78,4.54,Low
Keyword 602,48534,1.21,2.56,Medium
Keyword 603,93278,0.18,2.32,High
Keyword 604,9842,0.63,1.23,Low
Keyword 605,28416,0.56,1.56,Low
Keyword 606,70049,1.89,2.04,Medium
Keyword 607,41027,0.91,3.13,Medium
Keyword 608,21556,0.4,1.18,Low
Keyword 609,25201,1.9,3.58,High
Keyword 610,99623,1.9,2.78,Low
Keyword 611,96892,1.56,2.81,High
Keyword 612,45967,1.25,2.15,Low
Keyword 613,57672,1.36,3.89,Medium
Keyword 614,23355,0.21,3.18,Low
Keyword 615,33727,1.79,3.92,Low
Keyword 616,50299,0.59,2.26,High
Keyword 617,92013,0.97,2.0,High
Keyword 618,59393,0.35,3.0,Low
Keyword 619,39103,0.98,3.54,Medium
Keyword 620,68813,1.0,3.56,High
Keyword 621,50243,1.19,2.07,High
Keyword 622,65263,0.12,3.11,High
Keyword 623,31457,0.99,1.64,High
Keyword 624,52370,1.33,2.38,Low
Keyword 625,80799,0.67,2.85,Medium
Keyword 626,82674,0.29,3.22,High
Keyword 627,31616,1.77,3.87,Low
Keyword 628,27714,1.43,2.78,Low
Keyword 629,9287,0.47,2.36,Medium
Keyword 630,76840,1.62,3.33,Medium
Keyword 631,25592,1.32,1.93,Low
Keyword 632,1283,1.25,1.5,Low
Keyword 633,95966,0.12,1.56,Low
Keyword 634,75710,0.16,2.3,Medium
Keyword 635,79938,0.43,2.7,High
Keyword 636,38455,1.41,3.67,High
Keyword 637,9765,1.89,3.27,High
Keyword 638,90962,0.9,2.06,Low
Keyword 639,39167,1.98,3.05,Low
Keyword 640,5693,1.85,2.86,High
Keyword 641,41998,1.31,3.39,Low
Keyword 642,20851,1.65,2.56,Low
Keyword 643,16902,1.67,1.89,Low
Keyword 644,48746,1.37,2.39,Medium
Keyword 645,76329,0.73,2.34,High
Keyword 646,42568,1.03,3.96,Medium
Keyword 647,58968,0.22,2.18,High
Keyword 648,18578,1.28,3.14,Medium
Keyword 649,72657,0.35,1.78,High
Keyword 650,15469,1.13,4.04,Medium
Keyword 651,25070,1.0,3.99,Low
Keyword 652,22450,1.69,3.77,Medium
Keyword 653,37358,0.49,2.91,High
Keyword 654,22075,0.63,1.47,Medium
Keyword 655,76089,0.55,2.49,High
Keyword 656,89379,1.0,1.12,Low
Keyword 657,74292,0.73,1.12,Medium
Keyword 658,43242,1.5,2.48,High
Keyword 659,41982,1.63,2.63,Medium
Keyword 660,83308,1.59,4.32,High
Keyword 661,91119,0.37,1.26,High
Keyword 662,69021,1.96,3.98,Low
Keyword 663,37902,0.71,2.58,High
Keyword 664,55276,0.44,2.9,Low
Keyword 665,31918,0.98,2.43,Medium
Keyword 666,30888,1.74,4.41,Medium
Keyword 667,272,1.51,2.22,Medium
Keyword 668,89058,1.01,2.23,Low
Keyword 669,31665,0.5,3.46,High
Keyword 670,57066,0.28,0.46,High
Keyword 671,35084,1.22,4.14,Low
Keyword 672,9082,0.59,0.93,Low
Keyword 673,14056,1.48,1.85,High
Keyword 674,93403,1.91,4.78,Low
Keyword 675,33184,0.42,3.03,Medium
Keyword 676,31912,0.8,0.9,Medium
Keyword 677,59347,0.98,2.16,High
Keyword 678,74492,1.39,1.64,Low
Keyword 679,73750,1.79,3.96,Low
Keyword 680,82618,0.14,2.94,Medium
Keyword 681,68885,0.72,2.75,Low
Keyword 682,17033,1.8,2.14,Medium
Keyword 683,75596,0.25,1.45,High
Keyword 684,36472,1.53,3.85,Medium
Keyword 685,18897,1.63,4.12,High
Keyword 686,16232,1.77,4.3,Medium
Keyword 687,47087,0.54,1.13,High
Keyword 688,46077,0.37,1.32,Low
Keyword 689,62705,0.66,3.45,Medium
Keyword 690,28229,1.48,2.13,High
Keyword 691,23051,0.15,1.92,Medium
Keyword 692,79533,1.31,1.93,Medium
Keyword 693,58546,0.23,3.09,Low
Keyword 694,45241,1.76,4.57,Medium
Keyword 695,38574,0.77,3.59,Low
Keyword 696,53219,0.87,3.61,Medium
Keyword 697,62795,1.26,4.12,Medium
Keyword 698,23885,0.96,3.54,Medium
Keyword 699,46854,0.64,1.48,High
Keyword 700,4192,0.66,2.67,Low
Keyword 701,59351,1.09,3.88,High
Keyword 702,56592,1.01,1.11,Medium
Keyword 703,73589,0.18,1.5,Low
Keyword 704,64434,0.46,2.09,High
Keyword 705,66894,0.82,1.25,High
Keyword 706,74239,0.76,2.53,Low
Keyword 707,22883,0.22,2.74,High
Keyword 708,51882,1.08,2.88,High
Keyword 709,19189,0.93,2.75,Medium
Keyword 710,11516,0.17,1.39,High
Keyword 711,61540,1.15,3.45,Low
Keyword 712,33447,1.84,4.78,High
Keyword 713,92946,1.57,2.33,High
Keyword 714,96338,0.93,2.83,Medium
Keyword 715,47163,1.1,3.66,Medium
Keyword 716,41653,1.85,2.07,Low
Keyword 717,13935,1.56,3.69,Low
Keyword 718,49614,0.82,2.51,Low
Keyword 719,47936,0.75,1.25,Low
Keyword 720,66499,1.64,2.82,High
Keyword 721,17137,0.33,2.03,Medium
Keyword 722,26152,1.68,4.03,Medium
Keyword 723,21318,0.69,0.86,High
Keyword 724,53463,0.14,0.68,Low
Keyword 725,90203,1.59,3.11,Medium
Keyword 726,37157,1.3,2.93,Medium
Keyword 727,22884,1.44,2.33,High
Keyword 728,93183,1.61,3.16,Medium
Keyword 729,74095,0.7,1.2,Low
Keyword 730,34418,0.65,1.96,Medium
Keyword 731,48283,1.01,3.51,High
Keyword 732,44122,1.27,2.51,Low
Keyword 733,78130,0.28,1.25,High
Keyword 734,78193,0.58,2.45,Low
Keyword 735,13541,1.75,2.51,High
Keyword 736,38579,1.09,2.41,High
Keyword 737,98058,0.39,2.69,Low
Keyword 738,16346,0.4,1.0,Low
Keyword 739,57676,1.17,1.31,High
Keyword 740,71703,0.6,1.08,High
Keyword 741,93477,0.91,3.75,Medium
Keyword 742,66779,1.83,4.77,Medium
Keyword 743,46918,1.41,2.04,Medium
Keyword 744,55158,0.8,2.19,Low
Keyword 745,1345,0.57,2.89,Low
Keyword 746,56842,0.95,3.26,High
Keyword 747,53154,1.28,1.65,High
Keyword 748,86487,1.38,2.24,High
Keyword 749,15835,1.4,4.16,Medium
Keyword 750,59536,1.5,3.73,Medium
Keyword 751,74432,0.35,2.15,Medium
Keyword 752,85491,0.31,3.08,Low
Keyword 753,26491,1.96,2.76,Low
Keyword 754,50743,1.62,3.45,Low
Keyword 755,22395,1.89,2.62,High
Keyword 756,39466,1.15,2.29,Low
Keyword 757,91703,0.84,1.18,Low
Keyword 758,73827,1.4,3.96,Low
Keyword 759,5300,1.28,1.67,High
Keyword 760,45936,1.0,2.39,Low
Keyword 761,53148,1.27,3.94,High
Keyword 762,3572,1.68,3.66,Low
Keyword 763,47702,0.45,2.39,Low
Keyword 764,32294,0.84,2.45,Low
Keyword 765,76627,0.9,1.99,Medium
Keyword 766,45334,0.68,3.53,Low
Keyword 767,4669,1.45,2.53,Low
Keyword 768,20418,1.57,2.94,Low
Keyword 769,85052,0.72,1.62,High
Keyword 770,40970,1.17,2.03,High
Keyword 771,85244,1.07,3.62,Low
Keyword 772,54887,0.2,1.04,Low
Keyword 773,71444,0.81,1.79,Low
Keyword 774,71442,1.77,2.69,Low
Keyword 775,92658,0.66,3.03,Low
Keyword 776,28925,0.13,0.54,High
Keyword 777,62733,1.87,4.38,High
Keyword 778,98647,1.53,4.3,High
Keyword 779,76050,0.78,2.16,Medium
Keyword 780,85718,1.72,4.38,Medium
Keyword 781,44249,0.2,1.94,Medium
Keyword 782,83118,0.48,1.51,Low
Keyword 783,49678,1.27,2.68,High
Keyword 784,14668,1.83,3.34,High
Keyword 785,83094,1.08,1.35,Medium
Keyword 786,48911,1.96,4.42,Medium
Keyword 787,98376,0.77,1.92,Medium
Keyword 788,64828,0.7,3.68,Medium
Keyword 789,8390,1.66,4.47,High
Keyword 790,67785,1.09,3.58,Low
Keyword 791,55357,1.23,4.2,Low
Keyword 792,43571,1.77,2.57,Medium
Keyword 793,97277,0.27,1.36,High
Keyword 794,63125,0.76,3.03,High
Keyword 795,4506,0.75,2.53,High
Keyword 796,52739,0.9,3.56,Medium
Keyword 797,76725,0.16,1.09,Medium
Keyword 798,82565,0.44,1.01,High
Keyword 799,98350,0.69,1.71,High
Keyword 800,80186,1.52,2.67,High
Keyword 801,16727,1.76,2.68,Low
Keyword 802,14012,1.1,1.71,Low
Keyword 803,26648,1.36,1.6,Low
Keyword 804,57959,1.77,3.55,Low
Keyword 805,88321,0.11,1.81,Medium
Keyword 806,45879,1.05,2.95,Low
Keyword 807,83541,1.13,1.6,Low
Keyword 808,70109,0.23,2.95,Low
Keyword 809,90527,1.15,1.62,High
Keyword 810,40242,0.41,1.23,High
Keyword 811,28853,0.99,1.96,Medium
Keyword 812,66234,0.87,1.93,High
Keyword 813,58187,0.78,1.92,Medium
Keyword 814,62597,0.39,1.75,Medium
Keyword 815,73068,1.85,2.97,Medium
Keyword 816,30428,1.08,1.3,Low
Keyword 817,52813,1.42,2.36,Low
Keyword 818,7266,1.66,3.28,High
Keyword 819,35029,1.41,4.23,High
Keyword 820,15524,0.92,2.25,Medium
Keyword 821,98542,1.42,2.26,Medium
Keyword 822,43146,1.86,2.0,Low
Keyword 823,2274,1.7,2.02,Medium
Keyword 824,23496,1.73,2.67,High
Keyword 825,50689,0.72,2.77,Low
Keyword 826,88256,0.1,0.61,Low
Keyword 827,55865,2.0,3.34,Medium
Keyword 828,26268,0.89,1.18,Low
Keyword 829,90712,0.76,1.17,High
Keyword 830,85717,0.52,1.16,Low
Keyword 831,64059,1.52,3.69,High
Keyword 832,63501,0.13,2.0,Low
Keyword 833,32424,1.85,4.47,Low
Keyword 834,54574,0.23,3.09,Low
Keyword 835,29511,0.56,3.44,Low
Keyword 836,56677,0.13,2.41,Low
Keyword 837,20899,1.72,2.63,Medium
Keyword 838,73170,1.3,2.87,High
Keyword 839,54603,0.81,2.83,Medium
Keyword 840,71473,1.81,2.24,Medium
Keyword 841,11878,0.15,2.27,Low
Keyword 842,12326,1.64,4.05,High
Keyword 843,84268,1.4,2.8,Medium
Keyword 844,75774,1.49,4.47,Low
Keyword 845,83589,0.4,1.99,High
Keyword 846,22059,0.44,1.6,High
Keyword 847,11386,1.62,4.45,Low
Keyword 848,23785,1.7,1.93,High
Keyword 849,62068,0.41,0.52,Medium
Keyword 850,32849,1.15,2.06,Low
Keyword 851,59246,1.4,1.9,Low
Keyword 852,54779,0.58,1.47,Low
Keyword 853,80296,0.13,2.35,Low
Keyword 854,76882,1.58,3.75,Medium
Keyword 855,20117,1.0,1.21,Medium
Keyword 856,14674,0.87,3.54,High
Keyword 857,25973,0.69,2.1,Medium
Keyword 858,38686,0.58,2.3,Low
Keyword 859,49355,0.11,3.04,Medium
Keyword 860,26169,1.21,3.15,Low
Keyword 861,8011,1.88,2.68,Medium
Keyword 862,65768,1.51,1.76,Medium
Keyword 863,70786,1.95,4.94,High
Keyword 864,16584,1.0,1.55,Low
Keyword 865,27702,1.84,3.05,Medium
Keyword 866,26831,1.82,4.46,Low
Keyword 867,28621,0.71,1.14,Medium
Keyword 868,939,0.44,1.29,Medium
Keyword 869,68582,0.88,1.48,High
Keyword 870,47778,1.12,2.53,Medium
Keyword 871,8302,0.97,1.2,Medium
Keyword 872,60723,1.12,1.8,High
Keyword 873,64652,1.63,3.19,Low
Keyword 874,44523,1.33,4.13,Medium
Keyword 875,58572,0.27,0.85,Medium
Keyword 876,94290,1.26,1.8,Medium
Keyword 877,1083,1.6,2.87,Medium
Keyword 878,3864,1.87,3.08,Medium
Keyword 879,31163,1.09,2.38,High
Keyword 880,2697,0.37,1.05,Medium
Keyword 881,47619,0.71,2.2,Medium
Keyword 882,34368,1.32,4.3,Low
Keyword 883,13134,0.84,2.17,Low
Keyword 884,69446,0.19,2.91,Low
Keyword 885,5471,1.06,2.85,High
Keyword 886,9725,1.19,2.45,Medium
Keyword 887,86569,1.37,2.82,Medium
Keyword 888,82546,0.85,3.49,Low
Keyword 889,62815,0.94,3.71,Low
Keyword 890,68633,1.56,3.28,High
Keyword 891,78801,0.63,1.98,High
Keyword 892,23659,1.45,1.57,Medium
Keyword 893,82255,1.73,3.33,Medium
Keyword 894,21569,0.92,3.35,Low
Keyword 895,90692,0.31,2.33,Low
Keyword 896,48764,1.57,1.74,Medium
Keyword 897,96143,0.34,0.77,Medium
Keyword 898,89920,1.51,4.04,High
Keyword 899,55756,0.7,1.78,Medium
Keyword 900,11874,0.76,3.09,High
Keyword 901,5960,0.28,2.97,High
Keyword 902,36549,1.13,1.54,Medium
Keyword 903,54157,0.47,0.75,High
Keyword 904,20855,1.63,4.59,Medium
Keyword 905,45381,0.31,1.26,High
Keyword 906,7441,1.26,4.18,High
Keyword 907,38712,1.06,1.64,Medium
Keyword 908,56949,1.62,4.09,High
Keyword 909,83026,0.82,2.58,High
Keyword 910,82631,1.62,3.23,Medium
Keyword 911,64235,1.39,1.96,High
Keyword 912,54528,0.81,2.97,High
Keyword 913,73195,1.99,4.42,Low
Keyword 914,14290,0.45,2.74,High
Keyword 915,96750,1.07,1.74,Low
Keyword 916,77475,1.61,2.82,Low
Keyword 917,68766,0.51,1.03,Medium
Keyword 918,42324,0.13,1.5,High
Keyword 919,81933,0.48,1.05,Low
Keyword 920,63728,0.82,1.53,Medium
Keyword 921,19184,1.57,2.92,High
Keyword 922,79587,1.3,2.96,Medium
Keyword 923,33871,0.15,1.64,Medium
Keyword 924,7983,1.82,3.22,Low
Keyword 925,63681,0.89,3.41,High
Keyword 926,29112,1.6,4.52,High
Keyword 927,79404,0.19,3.11,High
Keyword 928,8526,1.32,1.59,Low
Keyword 929,63458,0.31,1.3,Medium
Keyword 930,43901,1.75,4.51,Low
Keyword 931,57690,1.12,2.06,High
Keyword 932,35743,1.97,3.25,Low
Keyword 933,88166,1.83,3.57,High
Keyword 934,39666,0.1,2.87,Medium
Keyword 935,61162,0.88,3.03,High
Keyword 936,80701,1.97,2.88,Low
Keyword 937,29755,1.53,4.0,High
Keyword 938,82820,1.23,1.58,High
Keyword 939,97535,1.39,2.54,Medium
Keyword 940,86649,0.35,0.47,Medium
Keyword 941,6156,1.91,2.37,Medium
Keyword 942,1986,1.07,2.03,High
Keyword 943,62458,1.37,2.75,High
Keyword 944,48838,0.58,1.23,High
Keyword 945,83332,1.56,1.78,Medium
Keyword 946,76595,0.5,1.12,Medium
Keyword 947,12742,0.53,2.82,High
Keyword 948,81340,0.89,1.55,Low
Keyword 949,70674,1.46,4.32,Medium
Keyword 950,48536,1.67,2.65,High
Keyword 951,10015,0.54,1.1,High
Keyword 952,79056,0.83,3.47,High
Keyword 953,85501,0.79,1.5,Medium
Keyword 954,17137,0.44,1.99,Medium
Keyword 955,50826,0.75,2.88,Medium
Keyword 956,1308,0.94,1.41,Medium
Keyword 957,72425,1.28,4.27,Medium
Keyword 958,19679,0.62,1.99,Low
Keyword 959,85559,1.04,2.88,Medium
Keyword 960,48718,0.98,2.69,High
Keyword 961,55078,1.8,4.45,Low
Keyword 962,54000,0.99,2.51,Medium
Keyword 963,57275,1.55,3.92,Medium
Keyword 964,96640,0.64,1.91,High
Keyword 965,25437,1.54,4.48,Medium
Keyword 966,93224,0.7,3.4,High
Keyword 967,46205,0.34,0.85,Low
Keyword 968,25288,1.76,4.24,Low
Keyword 969,90497,1.82,3.2,Low
Keyword 970,18649,0.62,1.21,Low
Keyword 971,77351,1.54,3.59,Medium
Keyword 972,30768,1.51,2.17,Medium
Keyword 973,36764,0.13,0.97,Low
Keyword 974,34906,0.86,1.2,Low
Keyword 975,35918,1.96,4.76,Low
Keyword 976,90559,1.57,4.37,Low
Keyword 977,4229,0.26,2.33,High
Keyword 978,89197,1.09,3.29,High
Keyword 979,30200,1.86,3.98,High
Keyword 980,54673,0.99,3.08,Medium
Keyword 981,92633,1.82,2.42,Medium
Keyword 982,10626,0.84,3.38,Medium
Keyword 983,4556,0.24,3.09,High
Keyword 984,75767,0.59,1.47,High
Keyword 985,24996,1.91,3.3,Medium
Keyword 986,72111,1.75,2.41,Low
Keyword 987,34663,1.59,3.01,Low
Keyword 988,89617,0.4,1.0,Medium
Keyword 989,85221,0.93,3.35,Medium
Keyword 990,1050,1.69,2.82,Low
Keyword 991,73667,0.58,1.35,Medium
Keyword 992,94473,0.77,3.25,Medium
Keyword 993,45594,0.49,3.21,High
Keyword 994,26919,0.26,1.12,High
Keyword 995,26057,0.49,2.0,Low
Keyword 996,60580,1.18,2.75,Low
Keyword 997,58109,0.41,0.6,Medium
Keyword 998,69771,1.11,1.8,Medium
Keyword 999,14713,0.45,0.88,Medium
Keyword 1000,52870,1.72,2.34,Medium
